[
{
  "fields": {
    "clipboard": 1,
    "user": [
      "admin"
    ],
    "language": "en-us"
  },
  "model": "cms.usersettings",
  "pk": 1
},
{
  "fields": {
    "slot": "clipboard",
    "default_width": null
  },
  "model": "cms.placeholder",
  "pk": 1
},
{
  "fields": {
    "slot": "langing_page_placeholder",
    "default_width": null
  },
  "model": "cms.placeholder",
  "pk": 2
},
{
  "fields": {
    "slot": "langing_page_placeholder",
    "default_width": null
  },
  "model": "cms.placeholder",
  "pk": 3
},
{
  "fields": {
    "slot": "langing_page_placeholder",
    "default_width": null
  },
  "model": "cms.placeholder",
  "pk": 16
},
{
  "fields": {
    "slot": "about_page_title",
    "default_width": null
  },
  "model": "cms.placeholder",
  "pk": 17
},
{
  "fields": {
    "slot": "about_page_content",
    "default_width": null
  },
  "model": "cms.placeholder",
  "pk": 18
},
{
  "fields": {
    "slot": "about_page_title",
    "default_width": null
  },
  "model": "cms.placeholder",
  "pk": 19
},
{
  "fields": {
    "slot": "about_page_content",
    "default_width": null
  },
  "model": "cms.placeholder",
  "pk": 20
},
{
  "fields": {
    "slot": "langing_page_placeholder",
    "default_width": null
  },
  "model": "cms.placeholder",
  "pk": 21
},
{
  "fields": {
    "changed_date": "2015-12-08T08:55:37.535Z",
    "language": "en-us",
    "parent": null,
    "numchild": 0,
    "creation_date": "2015-12-08T08:54:34.700Z",
    "depth": 1,
    "position": 0,
    "path": "0001",
    "placeholder": 2,
    "plugin_type": "LandingPagePlugin"
  },
  "model": "cms.cmsplugin",
  "pk": 1
},
{
  "fields": {
    "changed_date": "2015-12-08T08:57:21.209Z",
    "language": "en-us",
    "parent": null,
    "numchild": 0,
    "creation_date": "2015-12-08T08:55:51.923Z",
    "depth": 1,
    "position": 1,
    "path": "0002",
    "placeholder": 2,
    "plugin_type": "LandingPagePlugin"
  },
  "model": "cms.cmsplugin",
  "pk": 2
},
{
  "fields": {
    "changed_date": "2015-12-08T08:58:11.976Z",
    "language": "en-us",
    "parent": null,
    "numchild": 0,
    "creation_date": "2015-12-08T08:57:23.888Z",
    "depth": 1,
    "position": 2,
    "path": "0003",
    "placeholder": 2,
    "plugin_type": "LandingPagePlugin"
  },
  "model": "cms.cmsplugin",
  "pk": 3
},
{
  "fields": {
    "changed_date": "2015-12-08T08:58:50.401Z",
    "language": "en-us",
    "parent": null,
    "numchild": 0,
    "creation_date": "2015-12-08T08:54:34.700Z",
    "depth": 1,
    "position": 0,
    "path": "0004",
    "placeholder": 3,
    "plugin_type": "LandingPagePlugin"
  },
  "model": "cms.cmsplugin",
  "pk": 4
},
{
  "fields": {
    "changed_date": "2015-12-08T08:58:50.409Z",
    "language": "en-us",
    "parent": null,
    "numchild": 0,
    "creation_date": "2015-12-08T08:55:51.923Z",
    "depth": 1,
    "position": 1,
    "path": "0005",
    "placeholder": 3,
    "plugin_type": "LandingPagePlugin"
  },
  "model": "cms.cmsplugin",
  "pk": 5
},
{
  "fields": {
    "changed_date": "2015-12-08T08:58:50.418Z",
    "language": "en-us",
    "parent": null,
    "numchild": 0,
    "creation_date": "2015-12-08T08:57:23.888Z",
    "depth": 1,
    "position": 2,
    "path": "0006",
    "placeholder": 3,
    "plugin_type": "LandingPagePlugin"
  },
  "model": "cms.cmsplugin",
  "pk": 6
},
{
  "fields": {
    "changed_date": "2015-12-08T08:59:23.982Z",
    "language": "en-us",
    "parent": null,
    "numchild": 0,
    "creation_date": "2015-12-08T08:59:00.444Z",
    "depth": 1,
    "position": 0,
    "path": "0007",
    "placeholder": 18,
    "plugin_type": "TextPlugin"
  },
  "model": "cms.cmsplugin",
  "pk": 7
},
{
  "fields": {
    "changed_date": "2015-12-08T08:59:31.957Z",
    "language": "en-us",
    "parent": null,
    "numchild": 0,
    "creation_date": "2015-12-08T08:59:27.185Z",
    "depth": 1,
    "position": 0,
    "path": "0008",
    "placeholder": 17,
    "plugin_type": "TextPlugin"
  },
  "model": "cms.cmsplugin",
  "pk": 8
},
{
  "fields": {
    "changed_date": "2015-12-08T08:59:40.268Z",
    "language": "en-us",
    "parent": null,
    "numchild": 0,
    "creation_date": "2015-12-08T08:59:27.185Z",
    "depth": 1,
    "position": 0,
    "path": "0009",
    "placeholder": 19,
    "plugin_type": "TextPlugin"
  },
  "model": "cms.cmsplugin",
  "pk": 9
},
{
  "fields": {
    "changed_date": "2015-12-08T08:59:40.286Z",
    "language": "en-us",
    "parent": null,
    "numchild": 0,
    "creation_date": "2015-12-08T08:59:00.444Z",
    "depth": 1,
    "position": 0,
    "path": "000A",
    "placeholder": 20,
    "plugin_type": "TextPlugin"
  },
  "model": "cms.cmsplugin",
  "pk": 10
},
{
  "fields": {
    "navigation_extenders": "",
    "site": 1,
    "application_namespace": null,
    "path": "0001",
    "in_navigation": false,
    "reverse_id": null,
    "login_required": false,
    "created_by": "admin",
    "languages": "en-us",
    "publication_end_date": null,
    "template": "pages/main_page.html",
    "placeholders": [
      2
    ],
    "changed_date": "2015-12-08T09:10:31.708Z",
    "limit_visibility_in_menu": null,
    "parent": null,
    "numchild": 0,
    "soft_root": false,
    "is_home": true,
    "publication_date": "2015-12-08T08:53:13.828Z",
    "creation_date": "2015-12-08T08:53:13.741Z",
    "publisher_public": 2,
    "application_urls": "",
    "changed_by": "admin",
    "publisher_is_draft": true,
    "xframe_options": 0,
    "depth": 1,
    "revision_id": 0
  },
  "model": "cms.page",
  "pk": 1
},
{
  "fields": {
    "navigation_extenders": "",
    "site": 1,
    "application_namespace": null,
    "path": "0002",
    "in_navigation": false,
    "reverse_id": null,
    "login_required": false,
    "created_by": "admin",
    "languages": "en-us",
    "publication_end_date": null,
    "template": "pages/main_page.html",
    "placeholders": [
      3
    ],
    "changed_date": "2015-12-08T08:59:40.309Z",
    "limit_visibility_in_menu": null,
    "parent": null,
    "numchild": 0,
    "soft_root": false,
    "is_home": true,
    "publication_date": "2015-12-08T08:53:13.828Z",
    "creation_date": "2015-12-08T08:53:13.834Z",
    "publisher_public": 1,
    "application_urls": "",
    "changed_by": "admin",
    "publisher_is_draft": false,
    "xframe_options": 0,
    "depth": 1,
    "revision_id": 0
  },
  "model": "cms.page",
  "pk": 2
},
{
  "fields": {
    "navigation_extenders": "",
    "site": 1,
    "application_namespace": null,
    "path": "0004",
    "in_navigation": true,
    "reverse_id": null,
    "login_required": false,
    "created_by": "admin",
    "languages": "en-us",
    "publication_end_date": null,
    "template": "pages/about_page.html",
    "placeholders": [
      16,
      17,
      18
    ],
    "changed_date": "2015-12-08T08:59:40.324Z",
    "limit_visibility_in_menu": null,
    "parent": null,
    "numchild": 0,
    "soft_root": false,
    "is_home": false,
    "publication_date": "2015-12-08T08:59:40.149Z",
    "creation_date": "2015-12-08T08:54:20.057Z",
    "publisher_public": 5,
    "application_urls": "",
    "changed_by": "admin",
    "publisher_is_draft": true,
    "xframe_options": 0,
    "depth": 1,
    "revision_id": 0
  },
  "model": "cms.page",
  "pk": 4
},
{
  "fields": {
    "navigation_extenders": "",
    "site": 1,
    "application_namespace": null,
    "path": "0005",
    "in_navigation": true,
    "reverse_id": null,
    "login_required": false,
    "created_by": "admin",
    "languages": "en-us",
    "publication_end_date": null,
    "template": "pages/about_page.html",
    "placeholders": [
      19,
      20,
      21
    ],
    "changed_date": "2015-12-08T08:59:40.291Z",
    "limit_visibility_in_menu": null,
    "parent": null,
    "numchild": 0,
    "soft_root": false,
    "is_home": false,
    "publication_date": "2015-12-08T08:59:40.149Z",
    "creation_date": "2015-12-08T08:59:40.159Z",
    "publisher_public": 4,
    "application_urls": "",
    "changed_by": "admin",
    "publisher_is_draft": false,
    "xframe_options": 0,
    "depth": 1,
    "revision_id": 0
  },
  "model": "cms.page",
  "pk": 5
},
{
  "fields": {
    "menu_title": "",
    "meta_description": "",
    "page_title": "",
    "language": "en-us",
    "title": "Home",
    "has_url_overwrite": false,
    "redirect": "",
    "publisher_is_draft": true,
    "page": 1,
    "published": true,
    "path": "",
    "publisher_state": 0,
    "creation_date": "2015-12-08T08:53:13.787Z",
    "slug": "home",
    "publisher_public": 2
  },
  "model": "cms.title",
  "pk": 1
},
{
  "fields": {
    "menu_title": "",
    "meta_description": "",
    "page_title": "",
    "language": "en-us",
    "title": "Home",
    "has_url_overwrite": false,
    "redirect": "",
    "publisher_is_draft": false,
    "page": 2,
    "published": true,
    "path": "",
    "publisher_state": 0,
    "creation_date": "2015-12-08T08:53:13.787Z",
    "slug": "home",
    "publisher_public": 1
  },
  "model": "cms.title",
  "pk": 2
},
{
  "fields": {
    "menu_title": "",
    "meta_description": "",
    "page_title": "",
    "language": "en-us",
    "title": "About",
    "has_url_overwrite": false,
    "redirect": "",
    "publisher_is_draft": true,
    "page": 4,
    "published": true,
    "path": "about",
    "publisher_state": 0,
    "creation_date": "2015-12-08T08:54:20.095Z",
    "slug": "about",
    "publisher_public": 5
  },
  "model": "cms.title",
  "pk": 4
},
{
  "fields": {
    "menu_title": "",
    "meta_description": "",
    "page_title": "",
    "language": "en-us",
    "title": "About",
    "has_url_overwrite": false,
    "redirect": "",
    "publisher_is_draft": false,
    "page": 5,
    "published": true,
    "path": "about",
    "publisher_state": 0,
    "creation_date": "2015-12-08T08:54:20.095Z",
    "slug": "about",
    "publisher_public": 4
  },
  "model": "cms.title",
  "pk": 5
},
{
  "fields": {
    "block_color": "bg-primary",
    "description": "<p>Changing how you teach, to incorporate active learning into your class, can be a major undertaking. Based on our own experiences of what works, we've designed Courselets to give you the power-tools, methods and materials to add Active Learning exercises your students can start using right away.</p>\n",
    "title": "The fast, easy way to add Active Learning to your teaching",
    "link_button": "https://vimeo.com/136898815",
    "text_button": "Learn more",
    "list_description": "<ul>\n\t<li>Both in the classroom, and online.</li>\n\t<li>Students answer using their smartphones or laptops.</li>\n\t<li>Find, remix or modify exercises from the Courselets database.</li>\n\t<li>Write your own exercises using our fast, effective Open Response Concept Testing methodology.</li>\n\t<li>Powerful and easy tools.</li>\n\t<li>Free and Open Source.</li>\n</ul>\n",
    "hidden": false
  },
  "model": "pages.landingplugin",
  "pk": 1
},
{
  "fields": {
    "block_color": "bg-danger",
    "description": "<p>You can search Courselets.org for concepts you want to learn. You can quickly take a courselet in a single sitting.</p>\n",
    "title": " Learn a new concept now",
    "link_button": "https://www.courselets.org/ct/courses/2/units/2/slideshow/",
    "text_button": "Take a look",
    "list_description": "<ul>\n\t<li>A courselet is a short lesson that helps you really understand an important concept, typically from multiple angles that many students miss.</li>\n\t<li>A courselet challenges your understanding with real-world problems designed to expose common misunderstandings or subtleties.</li>\n\t<li>A courselet really takes off where most materials end: your errors. By helping you classify exactly what your conceptual mistake was, a courselet helps you understand a new, hidden aspect of the concept, and see how others resolved that mistake.\u00a0<b>Your mistakes become your most important learning tool</b>.</li>\n\t<li>A courselet connects everyone trying to learn that concept, and every concept to related concepts and other materials online (such as Wikipedia).</li>\n</ul>\n",
    "hidden": false
  },
  "model": "pages.landingplugin",
  "pk": 2
},
{
  "fields": {
    "block_color": "bg-success",
    "description": "",
    "title": " Challenge your understanding of bioinformatics / Big Data",
    "link_button": "https://www.courselets.org/ct/courses/",
    "text_button": "View the public courses",
    "list_description": "",
    "hidden": false
  },
  "model": "pages.landingplugin",
  "pk": 3
},
{
  "fields": {
    "block_color": "bg-primary",
    "description": "<p>Changing how you teach, to incorporate active learning into your class, can be a major undertaking. Based on our own experiences of what works, we've designed Courselets to give you the power-tools, methods and materials to add Active Learning exercises your students can start using right away.</p>\n",
    "title": "The fast, easy way to add Active Learning to your teaching",
    "link_button": "https://vimeo.com/136898815",
    "text_button": "Learn more",
    "list_description": "<ul>\n\t<li>Both in the classroom, and online.</li>\n\t<li>Students answer using their smartphones or laptops.</li>\n\t<li>Find, remix or modify exercises from the Courselets database.</li>\n\t<li>Write your own exercises using our fast, effective Open Response Concept Testing methodology.</li>\n\t<li>Powerful and easy tools.</li>\n\t<li>Free and Open Source.</li>\n</ul>\n",
    "hidden": false
  },
  "model": "pages.landingplugin",
  "pk": 4
},
{
  "fields": {
    "block_color": "bg-danger",
    "description": "<p>You can search Courselets.org for concepts you want to learn. You can quickly take a courselet in a single sitting.</p>\n",
    "title": " Learn a new concept now",
    "link_button": "https://www.courselets.org/ct/courses/2/units/2/slideshow/",
    "text_button": "Take a look",
    "list_description": "<ul>\n\t<li>A courselet is a short lesson that helps you really understand an important concept, typically from multiple angles that many students miss.</li>\n\t<li>A courselet challenges your understanding with real-world problems designed to expose common misunderstandings or subtleties.</li>\n\t<li>A courselet really takes off where most materials end: your errors. By helping you classify exactly what your conceptual mistake was, a courselet helps you understand a new, hidden aspect of the concept, and see how others resolved that mistake.\u00a0<b>Your mistakes become your most important learning tool</b>.</li>\n\t<li>A courselet connects everyone trying to learn that concept, and every concept to related concepts and other materials online (such as Wikipedia).</li>\n</ul>\n",
    "hidden": false
  },
  "model": "pages.landingplugin",
  "pk": 5
},
{
  "fields": {
    "block_color": "bg-success",
    "description": "",
    "title": " Challenge your understanding of bioinformatics / Big Data",
    "link_button": "https://www.courselets.org/ct/courses/",
    "text_button": "View the public courses",
    "list_description": "",
    "hidden": false
  },
  "model": "pages.landingplugin",
  "pk": 6
},
{
  "fields": {
    "body": "<header>\n<p>Courselets.org is currently in public alpha release. Details will be made available in the public beta release.</p>\n</header>\n\n<ul>\n\t<li>We want to hear your feedback! If you have questions or comments on a specific lesson in a courselet, click on its\u00a0<b>FAQ</b>\u00a0tab to post your question or comment.</li>\n\t<li>During the initial alpha period, if you have general comments or questions, please raise them on the\u00a0<a href=\"https://plus.google.com/communities/103357779147103714603\">Courselets community page</a>.</li>\n\t<li>If you encounter software bugs or want to propose software enhancements, please enter them on our\u00a0<a href=\"https://github.com/cjlee112/socraticqs2/issues\">Github issue tracker</a>.</li>\n</ul>\n"
  },
  "model": "djangocms_text_ckeditor.text",
  "pk": 7
},
{
  "fields": {
    "body": "<p>About Courselets.org</p>\n"
  },
  "model": "djangocms_text_ckeditor.text",
  "pk": 8
},
{
  "fields": {
    "body": "<p>About Courselets.org</p>\n"
  },
  "model": "djangocms_text_ckeditor.text",
  "pk": 9
},
{
  "fields": {
    "body": "<header>\n<p>Courselets.org is currently in public alpha release. Details will be made available in the public beta release.</p>\n</header>\n\n<ul>\n\t<li>We want to hear your feedback! If you have questions or comments on a specific lesson in a courselet, click on its\u00a0<b>FAQ</b>\u00a0tab to post your question or comment.</li>\n\t<li>During the initial alpha period, if you have general comments or questions, please raise them on the\u00a0<a href=\"https://plus.google.com/communities/103357779147103714603\">Courselets community page</a>.</li>\n\t<li>If you encounter software bugs or want to propose software enhancements, please enter them on our\u00a0<a href=\"https://github.com/cjlee112/socraticqs2/issues\">Github issue tracker</a>.</li>\n</ul>\n"
  },
  "model": "djangocms_text_ckeditor.text",
  "pk": 10
},
{
  "fields": {
    "key": "menu_cache_menu_nodes_en-us_1_257_user",
    "site": 1,
    "language": "en-us"
  },
  "model": "menus.cachekey",
  "pk": 7
},
{
  "fields": {
    "key": "menu_cache_menu_nodes_en-us_1",
    "site": 1,
    "language": "en-us"
  },
  "model": "menus.cachekey",
  "pk": 8
}
]
